diversity_topic,design,mean_edit_burst,mean_n_edits
FALSE,raw,0.43989272953858327,5.859649122807017
TRUE,raw,0.5800437222490941,3.4149659863945576
FALSE,topic_burst_weighted,0.38437394437227823,6.641219019891613
TRUE,topic_burst_weighted,0.512725867750238,3.9645326121289743
FALSE,event_day_trimmed,0.4286886356148748,5.330409356725146
TRUE,event_day_trimmed,0.5743582388575282,3.256235827664399
FALSE,combined,0.3698665440837643,6.100582813659893
TRUE,combined,0.5042859627178607,3.796333243051826
