diversity_topic,n_page_days,n_pages,mean_edits_day,median_edits_day,mean_editors_day,mean_reverted_share_day,burst_day_rate,burst_day_rate_sd
FALSE,15595,3078,1.1565245270920166,1,1.1099711445976275,0.17156934964394252,0.0313562039115101,0.03571657582558512
TRUE,1393,441,1.0811198851399857,1,1.0416367552045944,0.18293850203397943,0.019382627422828428,0.01866475233309404
